"words","incidence","total_abundance"
"model",456,974
"data",392,860
"challenge",345,516
"framework",335,557
"language",299,405
"system",278,593
"technology",260,424
"application",250,442
"integration",217,285
"tool",210,315
"governance",203,320
"risk",200,359
"insight",196,242
"use",188,317
"information",175,305
"management",170,332
"practice",164,230
"role",161,201
"efficiency",157,207
"concern",153,191
"performance",150,234
"learning",147,215
"accuracy",145,240
"decision",138,213
"policy",131,278
"adoption",131,200
"knowledge",127,229
"education",126,248
"innovation",123,192
"solution",123,146
"design",108,166
"change",108,155
"response",107,168
"bias",105,156
"privacy",102,128
"domain",99,136
"health",79,192
"security",75,106
"consideration",75,84
"climate",74,147
"architecture",70,97
"detection",68,108
"energy",67,189
"healthcare",66,119
"medium",65,115
"optimization",62,75
"survey",59,79
"datasets",56,75
"topic",54,102
"student",53,173
"care",48,90
"dataset",44,56
"chain",43,104
"supply",41,100
"experiment",34,49
"diagnosis",34,41
"sentiment",33,116
"opinion",33,58
"skill",31,44
"treatment",24,36
"news",23,81
"thinking",23,28
"university",22,43
"educator",20,29
"edge",18,31
"voting",17,26
"faculty",16,36
"curriculum",14,18
"blockchain",12,19
"teaching",12,15
"overhead",5,6
